{"cameraMode":{"drawMode":0,"name":"Shaded","section":"Shading Mode"},"sceneLighting":true,"audioPlay":false,"sceneViewState":{"m_AlwaysRefresh":false,"showFog":true,"showSkybox":false,"showFlares":true,"showImageEffects":true,"showParticleSystems":true,"showVisualEffectGraphs":true,"m_FxEnabled":true},"in2DMode":false,"pivot":{"x":-42.57434844970703,"y":8.538105010986329,"z":-43.53643035888672},"rotation":{"x":0.03837611526250839,"y":0.025478390976786615,"z":-0.0009787629824131728,"w":0.9989378452301025},"size":98.54972076416016,"orthographic":false}