{"cameraMode":{"drawMode":0,"name":"Shaded","section":"Shading Mode"},"sceneLighting":false,"audioPlay":false,"sceneViewState":{"m_AlwaysRefresh":false,"showFog":true,"showSkybox":false,"showFlares":true,"showImageEffects":true,"showParticleSystems":true,"showVisualEffectGraphs":true,"m_FxEnabled":true},"in2DMode":false,"pivot":{"x":-22.209999084472658,"y":1.1399998664855958,"z":-44.41999816894531},"rotation":{"x":0.04528415575623512,"y":0.9319955706596375,"z":-0.1251819133758545,"w":0.33713939785957339},"size":1.2247447967529297,"orthographic":false}