{"cameraMode":{"drawMode":0,"name":"Shaded","section":"Shading Mode"},"sceneLighting":true,"audioPlay":false,"sceneViewState":{"m_AlwaysRefresh":false,"showFog":true,"showSkybox":false,"showFlares":true,"showImageEffects":true,"showParticleSystems":true,"showVisualEffectGraphs":true,"m_FxEnabled":true},"in2DMode":false,"pivot":{"x":1254.1885986328125,"y":848.1839599609375,"z":-230.65582275390626},"rotation":{"x":-0.11700721085071564,"y":0.1019904762506485,"z":0.012081502936780453,"w":0.9878079891204834},"size":727.9999389648438,"orthographic":false}