{"cameraMode":{"drawMode":0,"name":"Shaded","section":"Shading Mode"},"sceneLighting":true,"audioPlay":false,"sceneViewState":{"m_AlwaysRefresh":false,"showFog":true,"showSkybox":false,"showFlares":true,"showImageEffects":true,"showParticleSystems":true,"showVisualEffectGraphs":true,"m_FxEnabled":true},"in2DMode":false,"pivot":{"x":2396.566650390625,"y":214.68560791015626,"z":451.64801025390627},"rotation":{"x":0.15119457244873048,"y":-0.08883681893348694,"z":0.01364434976130724,"w":0.984409749507904},"size":1794.3265380859375,"orthographic":false}